DAY,IRRD,TMIN,TMAX,VAP,WIND,RAIN
20170101,1648.997802734375,-11.174964904785156,-6.369621276855469,0.46867871284484863,3.816941738128662,2.5867743492126465
20170102,1566.67236328125,-11.418750762939453,-6.710344314575195,0.46794191002845764,3.918567419052124,2.6708526611328125
20170103,1478.5408935546875,-11.877885818481445,-6.924396514892578,0.4550185203552246,3.8396825790405273,2.699054002761841
20170104,1802.369140625,-12.134950637817383,-7.172994613647461,0.4398057162761688,3.730515718460083,2.3991124629974365
20170105,1655.5230712890625,-12.039628982543945,-7.235408782958984,0.44667765498161316,3.7620837688446045,2.746628761291504
20170106,1865.79833984375,-12.003456115722656,-7.19361686706543,0.4469616711139679,3.80015230178833,2.6303436756134033
20170107,1608.850830078125,-12.237794876098633,-7.248781204223633,0.4510364234447479,3.925107002258301,2.7875680923461914
20170108,1831.1182861328125,-12.428794860839844,-7.38616943359375,0.4524278938770294,3.9376840591430664,2.825338363647461
20170109,1770.973388671875,-12.666278839111328,-7.717209815979004,0.4517143964767456,4.041219234466553,2.901677370071411
20170110,1705.94970703125,-13.114131927490234,-7.917299270629883,0.43893998861312866,3.9633190631866455,2.9201488494873047
20170111,2053.7802734375,-13.35470199584961,-8.147439002990723,0.4240102767944336,3.8541648387908936,2.6085426807403564
20170112,1931.7984619140625,-13.237483978271484,-8.186718940734863,0.431306391954422,3.884734630584717,2.9425363540649414
20170113,2167.758544921875,-13.173856735229492,-8.116973876953125,0.43216028809547424,3.920768976211548,2.8109612464904785
20170114,1937.269287109375,-13.37506103515625,-8.139257431030273,0.4369547367095947,4.042636394500732,2.9512381553649902
20170115,2186.7197265625,-13.52718734741211,-8.238771438598633,0.43921804428100586,4.051070213317871,2.9705309867858887
20170116,2154.41943359375,-13.720026016235352,-8.526922225952148,0.43952909111976624,4.149413108825684,3.027000904083252
20170117,2117.83984375,-14.11749267578125,-8.679133415222168,0.4279305636882782,4.0652923583984375,3.0243680477142334
20170118,2494.646484375,-14.30201530456543,-8.856468200683594,0.41432616114616394,3.9489190578460693,2.6905908584594727
20170119,2402.09375,-14.123197555541992,-8.838132858276367,0.4230923354625702,3.9713141918182373,3.0015246868133545
20170120,2667.86181640625,-13.99258804321289,-8.70610237121582,0.4255554974079132,3.9982705116271973,2.846189498901367
20170121,2467.46875,-14.121646881103516,-8.661627769470215,0.43209078907966614,4.110220909118652,2.9622044563293457
20170122,2747.2158203125,-14.196723937988281,-8.69015121459961,0.4362179636955261,4.107972145080566,2.9569342136383057
20170123,2745.32421875,-14.307912826538086,-8.90334415435791,0.4385054111480713,4.194950103759766,2.9887495040893555
20170124,2739.16552734375,-14.61948013305664,-8.976947784423828,0.4289848804473877,4.098870277404785,2.9615800380706787
20170125,3146.3056640625,-14.714227676391602,-9.072365760803223,0.41754671931266785,3.9700443744659424,2.603595018386841
20170126,3083.8984375,-14.442195892333984,-8.9691801071167,0.42855384945869446,3.9795970916748047,2.8908588886260986
20170127,3379.515625,-14.215375900268555,-8.749767303466797,0.43331804871559143,3.9934301376342773,2.712599039077759
20170128,3208.57470703125,-14.2457275390625,-8.615821838378906,0.44219908118247986,4.092092514038086,2.8066349029541016
20170129,3517.27099609375,-14.220094680786133,-8.553220748901367,0.4487002491950989,4.0765061378479,2.7805261611938477
20170130,3543.712158203125,-14.229110717773438,-8.674116134643555,0.4533734917640686,4.150216102600098,2.7928287982940674
20170131,3565.1650390625,-14.437583923339844,-8.654722213745117,0.4462336599826813,4.04105806350708,2.747647285461426
20170201,3999.087646484375,-14.428892135620117,-8.656937599182129,0.43715423345565796,3.8994626998901367,2.3733131885528564
20170202,3962.534423828125,-14.053632736206055,-8.460829734802246,0.45048069953918457,3.896670341491699,2.64604115486145
20170203,4282.96728515625,-13.724372863769531,-8.149284362792969,0.4575081765651703,3.8986973762512207,2.4551913738250732
20170204,4135.7099609375,-13.653631210327148,-7.924471855163574,0.46858012676239014,3.986201524734497,2.5387001037597656
20170205,4466.849609375,-13.528829574584961,-7.772764205932617,0.477183997631073,3.9602088928222656,2.504227876663208
20170206,4514.4150390625,-13.44114875793457,-7.8067731857299805,0.48385676741600037,4.024361610412598,2.510411024093628
20170207,4555.5791015625,-13.555927276611328,-7.703157424926758,0.4785986840724945,3.906585216522217,2.4614155292510986
20170208,5007.716796875,-13.457052230834961,-7.6242523193359375,0.4712703227996826,3.7573893070220947,2.0856151580810547
20170209,4987.80517578125,-12.99560546875,-7.350526809692383,0.48620569705963135,3.748086929321289,2.3592443466186523
20170210,5323.240234375,-12.584611892700195,-6.965232849121094,0.49468865990638733,3.7447547912597656,2.171664237976074
20170211,5189.27978515625,-12.437015533447266,-6.67088508605957,0.5070541501045227,3.828099250793457,2.260791301727295
20170212,5531.96337890625,-12.240612030029297,-6.454153060913086,0.5167820453643799,3.799184560775757,2.234243631362915
20170213,5589.26904296875,-12.086917877197266,-6.427907943725586,0.5244032144546509,3.861678123474121,2.250595808029175
20170214,5638.33447265625,-12.14157485961914,-6.269048690795898,0.5199142098426819,3.7435190677642822,2.213933229446411
20170215,6096.51025390625,-11.988704681396484,-6.140066146850586,0.5131732225418091,3.5952165126800537,1.8525285720825195
20170216,6080.7548828125,-11.479597091674805,-5.821569442749023,0.5285135507583618,3.5880706310272217,2.1424968242645264
20170217,6418.4609375,-11.027414321899414,-5.39689826965332,0.5372214913368225,3.5881330966949463,1.9730643033981323
20170218,6284.890625,-10.845195770263672,-5.068601608276367,0.5496346354484558,3.6760714054107666,2.081993579864502
20170219,6626.09814453125,-10.62076187133789,-4.823329925537109,0.5592381954193115,3.6529006958007812,2.0767369270324707
20170220,6680.08984375,-10.445621490478516,-4.773908615112305,0.566570520401001,3.722224235534668,2.1156890392303467
20170221,6724.04052734375,-10.485334396362305,-4.597116470336914,0.5616375207901001,3.6119070053100586,2.102743625640869
20170222,7175.35400390625,-10.323907852172852,-4.455299377441406,0.5543074011802673,3.472374677658081,1.7659714221954346
20170223,7151.04931640625,-9.81243896484375,-4.128866195678711,0.5689264535903931,3.4748318195343018,2.08128023147583
20170224,7478.59228515625,-9.36386489868164,-3.7009048461914062,0.5767946839332581,3.48522686958313,1.9376786947250366
20170225,7333.328125,-9.190937042236328,-3.373689651489258,0.5882651209831238,3.584115743637085,2.072711706161499
20170226,7661.408203125,-8.981164932250977,-3.133554458618164,0.5968400239944458,3.5723931789398193,2.0936102867126465
20170227,7700.9423828125,-8.825672149658203,-3.092954635620117,0.6030753254890442,3.653538465499878,2.1585474014282227
20170228,7729.22412109375,-8.889616012573242,-2.92828369140625,0.5969955325126648,3.555288076400757,2.171196937561035
20170301,8163.783203125,-8.75654411315918,-2.8014755249023438,0.588489294052124,3.42793345451355,1.859415054321289
20170302,8121.77099609375,-8.277082443237305,-2.4924850463867188,0.6019229888916016,3.442544937133789,2.198899507522583
20170303,8430.798828125,-7.86366081237793,-2.0839576721191406,0.6086168885231018,3.464935064315796,2.0784571170806885
20170304,8266.359375,-7.728490829467773,-1.777679443359375,0.6189459562301636,3.5755233764648438,2.2354421615600586
20170305,8574.7646484375,-7.558536529541016,-1.5594902038574219,0.626433253288269,3.5750725269317627,2.276902914047241
20170306,8594.2890625,-7.444353103637695,-1.5413589477539062,0.6316556930541992,3.666931390762329,2.3608458042144775
20170307,8602.392578125,-7.55052375793457,-1.3991851806640625,0.6246586441993713,3.5787103176116943,2.3907923698425293
20170308,9016.775390625,-7.460029602050781,-1.2944107055664062,0.6153507232666016,3.460580825805664,2.094460964202881
20170309,8954.76953125,-7.022912979125977,-1.0065021514892578,0.6281176805496216,3.4835009574890137,2.4474284648895264
20170310,9244.1572265625,-6.651033401489258,-0.6176376342773438,0.6342987418174744,3.5131771564483643,2.3384010791778564
20170311,9060.61328125,-6.556062698364258,-0.3291473388671875,0.6442856192588806,3.6299350261688232,2.5046491622924805
20170312,9350.6259765625,-6.424409866333008,-0.12644386291503906,0.6516175866127014,3.634450674057007,2.5531580448150635
20170313,9352.640625,-6.346132278442383,-0.12109756469726562,0.6568864583969116,3.72999906539917,2.6418917179107666
20170314,9344.29296875,-6.485321044921875,0.011373519897460938,0.650150716304779,3.6441268920898438,2.6743476390838623
20170315,9743.4501953125,-6.424493789672852,0.10987472534179688,0.6413297057151794,3.5269570350646973,2.3782432079315186
20170316,9667.603515625,-6.013282775878906,0.3952198028564453,0.6548190712928772,3.549409866333008,2.7291743755340576
20170317,9944.693359375,-5.663164138793945,0.7855110168457031,0.6619654297828674,3.5771684646606445,2.615886688232422
20170318,9750.541015625,-5.585468292236328,1.0796279907226562,0.6731659173965454,3.6905486583709717,2.7757067680358887
20170319,10031.7666015625,-5.46632194519043,1.2923259735107422,0.6819630861282349,3.690229892730713,2.8157007694244385
20170320,10026.94921875,-5.395534515380859,1.3121681213378906,0.6889497637748718,3.7795052528381348,2.893928050994873
20170321,10013.8369140625,-5.537008285522461,1.4637069702148438,0.6841831207275391,3.6859543323516846,2.913999319076538
20170322,10410.400390625,-5.473117828369141,1.5858650207519531,0.6775797605514526,3.5597445964813232,2.6037631034851074
20170323,10334.2177734375,-5.053417205810547,1.8994407653808594,0.6935291886329651,3.57185435295105,2.9389591217041016
20170324,10613.3076171875,-4.689348220825195,2.322458267211914,0.7033705711364746,3.588038682937622,2.8084917068481445
20170325,10423.5458984375,-4.592264175415039,2.653665542602539,0.7174912691116333,3.6886954307556152,2.9498589038848877
20170326,10711.599609375,-4.44837760925293,2.907644271850586,0.7294217348098755,3.6745994091033936,2.970306634902954
20170327,10716.0751953125,-4.347616195678711,2.972738265991211,0.7397408485412598,3.74914813041687,3.028082847595215
20170328,10714.7275390625,-4.454080581665039,3.1732234954833984,0.7384902834892273,3.6400349140167236,3.026996374130249
20170329,11125.517578125,-4.350383758544922,3.347715377807617,0.7355689406394958,3.4975500106811523,2.695094108581543
20170330,11066.00390625,-3.8863468170166016,3.716655731201172,0.7553474307060242,3.4928019046783447,3.0083210468292236
20170331,11364.154296875,-3.473752975463867,4.197671890258789,0.7691439986228943,3.4916794300079346,2.8557863235473633
20170401,11195.787109375,-3.3243236541748047,4.589090347290039,0.7873243093490601,3.574723243713379,2.975191354751587
20170402,11507.4892578125,-3.1246776580810547,4.905040740966797,0.8033959865570068,3.542850971221924,2.973982572555542
20170403,11537.7666015625,-2.9651927947998047,5.033367156982422,0.8179141283035278,3.599606513977051,3.0106053352355957
20170404,11564.2607421875,-3.0104446411132812,5.297857284545898,0.820895254611969,3.4728291034698486,2.989058017730713
20170405,12004.802734375,-2.8435420989990234,5.536590576171875,0.8222135901451111,3.312955617904663,2.6375691890716553
20170406,11976.798828125,-2.3148422241210938,5.969476699829102,0.8462143540382385,3.2912380695343018,2.932255744934082
20170407,12308.0556640625,-1.8366584777832031,6.513593673706055,0.8641902208328247,3.273707151412964,2.7623863220214844
20170408,12174.21484375,-1.6212806701660156,6.966732025146484,0.8864811062812805,3.341038227081299,2.8658108711242676
20170409,12521.6708984375,-1.3558731079101562,7.342460632324219,0.9065701961517334,3.2942795753479004,2.8501100540161133
20170410,12588.724609375,-1.1313858032226562,7.5280914306640625,0.9249876141548157,3.337097644805908,2.8738462924957275
20170411,12652.8017578125,-1.1129493713378906,7.846874237060547,0.931726336479187,3.1974480152130127,2.8411195278167725
20170412,13131.5087890625,-0.8842239379882812,8.136394500732422,0.9366376399993896,3.0258708000183105,2.4802446365356445
20170413,13142.01953125,-0.296112060546875,8.616050720214844,0.9640448689460754,2.9937148094177246,2.7674055099487305
20170414,13511.8994140625,0.23855972290039062,9.202476501464844,0.9852204322814941,2.967094659805298,2.591919183731079
20170415,13416.5400390625,0.5070114135742188,9.693004608154297,1.0104854106903076,3.02675724029541,2.6916675567626953
20170416,13802.0888671875,0.82159423828125,10.100814819335938,1.0333051681518555,2.973811626434326,2.6742422580718994
20170417,13906.5927734375,1.0909271240234375,10.312850952148438,1.0541945695877075,3.0119712352752686,2.6981990337371826
20170418,14007.2236328125,1.14947509765625,10.652046203613281,1.0631330013275146,2.8692233562469482,2.6676154136657715
20170419,14521.337890625,1.4132080078125,10.9556884765625,1.0699594020843506,2.6961300373077393,2.3107621669769287
20170420,14565.8544921875,2.030914306640625,11.44295883178711,1.0989878177642822,2.6640453338623047,2.603762626647949
20170421,14968.099609375,2.5894699096679688,12.03030014038086,1.1214830875396729,2.639075994491577,2.4358599185943604
20170422,14903.2275390625,2.8758697509765625,12.514904022216797,1.1477609872817993,2.701948881149292,2.544842481613159
20170423,15317.150390625,3.2022857666015625,12.909870147705078,1.17128324508667,2.6537373065948486,2.538196086883545
20170424,15447.6953125,3.477191925048828,13.102108001708984,1.1925638914108276,2.6981074810028076,2.5743582248687744
20170425,15571.826171875,3.5349769592285156,13.414566040039062,1.2015836238861084,2.562988042831421,2.557272434234619
20170426,16106.703125,3.7915802001953125,13.684612274169922,1.2081849575042725,2.3988687992095947,2.2150683403015137
20170427,16169.0634765625,4.3957977294921875,14.131542205810547,1.236687183380127,2.377020835876465,2.523719549179077
20170428,16586.0625,4.934581756591797,14.671974182128906,1.2583625316619873,2.363459587097168,2.372307777404785
20170429,16532.705078125,5.195045471191406,15.103336334228516,1.2835358381271362,2.4388084411621094,2.4984569549560547
20170430,16954.771484375,5.489524841308594,15.438980102539062,1.3056812286376953,2.404031753540039,2.5094852447509766
20170501,17089.9765625,5.726718902587891,15.566143035888672,1.3253254890441895,2.4626781940460205,2.563657522201538
20170502,17215.1953125,5.741264343261719,15.808128356933594,1.3324633836746216,2.3425533771514893,2.564744472503662
20170503,17747.501953125,5.949394226074219,16.002696990966797,1.3369543552398682,2.194018602371216,2.2407054901123047
20170504,17803.591796875,6.500255584716797,16.369586944580078,1.3631348609924316,2.1882145404815674,2.567343235015869
20170505,18210.5859375,6.981166839599609,16.82586669921875,1.382295846939087,2.1910219192504883,2.43357515335083
20170506,18143.482421875,7.179656982421875,17.169464111328125,1.4047819375991821,2.282930612564087,2.5768673419952393
20170507,18548.078125,7.408485412597656,17.414257049560547,1.4240875244140625,2.2647695541381836,2.604384660720825
20170508,18662.12109375,7.576808929443359,17.448001861572266,1.4407601356506348,2.3399548530578613,2.674247980117798
20170509,18762.537109375,7.519737243652344,17.594562530517578,1.4448164701461792,2.2361621856689453,2.690096139907837
20170510,19266.494140625,7.654010772705078,17.692264556884766,1.4461373090744019,2.1036267280578613,2.3797647953033447
20170511,19290.77734375,8.129268646240234,17.961406707763672,1.4690805673599243,2.113368034362793,2.718946933746338
20170512,19662.630859375,8.533340454101562,18.319637298583984,1.4849592447280884,2.1311516761779785,2.596463918685913
20170513,19557.1953125,8.65426254272461,18.56543731689453,1.5041393041610718,2.2373597621917725,2.749697208404541
20170514,19920.421875,8.805309295654297,18.713245391845703,1.5201348066329956,2.232722282409668,2.7857422828674316
20170515,19990.234375,8.896137237548828,18.651378631591797,1.5335146188735962,2.3205642700195312,2.862668514251709
20170516,20043.759765625,8.762351989746094,18.704219818115234,1.5343140363693237,2.2284798622131348,2.88407564163208
20170517,20498.3671875,8.821151733398438,18.71059799194336,1.532431960105896,2.1066346168518066,2.577775239944458
20170518,20471.06640625,9.222652435302734,18.891307830810547,1.552243709564209,2.1259870529174805,2.919454336166382
20170519,20789.330078125,9.555103302001953,19.164447784423828,1.5650776624679565,2.152254581451416,2.797940969467163
20170520,20628.546875,9.606948852539062,19.32892608642578,1.5813144445419312,2.265782594680786,2.9506402015686035
20170521,20934.921875,9.691841125488281,19.399566650390625,1.5944817066192627,2.267274856567383,2.9846856594085693
20170522,20946.640625,9.719776153564453,19.26504898071289,1.6051586866378784,2.3600432872772217,3.058196783065796
20170523,20941.087890625,9.526676177978516,19.250064849853516,1.6033910512924194,2.2716798782348633,3.0748374462127686
20170524,21335.90234375,9.530017852783203,19.193714141845703,1.599085807800293,2.152359962463379,2.762497663497925
20170525,21248.369140625,9.880130767822266,19.317028045654297,1.6166250705718994,2.1730620861053467,3.0969526767730713
20170526,21506.228515625,10.165470123291016,19.538284301757812,1.6273415088653564,2.1995363235473633,2.967127561569214
20170527,21285.130859375,10.174636840820312,19.656536102294922,1.6416194438934326,2.312168836593628,3.1105363368988037
20170528,21531.55078125,10.221378326416016,19.686710357666016,1.6529868841171265,2.311716318130493,3.134427070617676
20170529,21483.923828125,10.215782165527344,19.51752471923828,1.662023901939392,2.40155029296875,3.1970412731170654
20170530,21419.892578125,9.993782043457031,19.47366714477539,1.6587735414505005,2.3093318939208984,3.2021703720092773
20170531,21757.330078125,9.972846984863281,19.394237518310547,1.6531391143798828,2.185312271118164,2.8778347969055176
20170601,21613.748046875,10.303253173828125,19.50015640258789,1.6694979667663574,2.200554370880127,3.1999404430389404
20170602,21817.111328125,10.573375701904297,19.70958709716797,1.6791770458221436,2.2208945751190186,3.057549238204956
20170603,21543.267578125,10.571666717529297,19.821422576904297,1.6925519704818726,2.326813220977783,3.188305616378784
20170604,21738.876953125,10.611736297607422,19.85039520263672,1.703142523765564,2.319161891937256,3.199589252471924
20170605,21642.5546875,10.603458404541016,19.684982299804688,1.7115185260772705,2.401411533355713,3.249769687652588
20170606,21532.0859375,10.382545471191406,19.649635314941406,1.7077122926712036,2.301323652267456,3.242760419845581
20170607,21825.486328125,10.366218566894531,19.58312225341797,1.701615810394287,2.1692488193511963,2.9066975116729736
20170608,21640.3828125,10.704475402832031,19.70606231689453,1.7175939083099365,2.176349639892578,3.2175981998443604
20170609,21804.830078125,10.985393524169922,19.936279296875,1.7269601821899414,2.1885604858398438,3.064624309539795
20170610,21494.763671875,10.997112274169922,20.072311401367188,1.7400774955749512,2.2864553928375244,3.185512065887451
20170611,21656.892578125,11.052913665771484,20.128494262695312,1.7504522800445557,2.2709782123565674,3.1877243518829346
20170612,21529.861328125,11.06231689453125,19.992935180664062,1.7586396932601929,2.3456859588623047,3.2297000885009766
20170613,21391.482421875,10.860702514648438,19.989673614501953,1.75465989112854,2.2384209632873535,3.2154123783111572
20170614,21659.7578125,10.864936828613281,19.957088470458984,1.748390793800354,2.0996084213256836,2.873046398162842
20170615,21452.2890625,11.224662780761719,20.115386962890625,1.7641842365264893,2.100478410720825,3.1786532402038574
20170616,21597.087890625,11.527595520019531,20.381996154785156,1.7733405828475952,2.1070265769958496,3.0214171409606934
20170617,21270.01953125,11.561553955078125,20.55504608154297,1.7862114906311035,2.199878692626953,3.1390857696533203
20170618,21417.712890625,11.639457702636719,20.648494720458984,1.796291470527649,2.1800224781036377,3.139117956161499
20170619,21278.716796875,11.670520782470703,20.55007553100586,1.804125189781189,2.251051425933838,3.179938554763794
20170620,21130.716796875,11.489810943603516,20.58344268798828,1.7997227907180786,2.1408324241638184,3.165494203567505
20170621,21391.59375,11.51388931274414,20.58664321899414,1.7929532527923584,1.9998095035552979,2.823930501937866
20170622,21178.79296875,11.892131805419922,20.779563903808594,1.8081600666046143,1.9992210865020752,3.1312496662139893
20170623,21320.177734375,12.212013244628906,21.079307556152344,1.816637635231018,2.0050621032714844,2.976576805114746
20170624,20991.4375,12.261100769042969,21.283721923828125,1.8287304639816284,2.097949981689453,3.0975894927978516
20170625,21139.02734375,12.352123260498047,21.406513214111328,1.8379290103912354,2.078855037689209,3.1016685962677
20170626,21001.296875,12.39410400390625,21.33517074584961,1.8447743654251099,2.151344060897827,3.1471545696258545
20170627,20855.751953125,12.221961975097656,21.393146514892578,1.8392736911773682,2.043252944946289,3.1379010677337646
20170628,21120.060546875,12.252128601074219,21.418304443359375,1.8312944173812866,1.9049856662750244,2.8019566535949707
20170629,20911.4765625,12.63388442993164,21.63037109375,1.8451800346374512,1.9077340364456177,3.1152219772338867
20170630,21057.65234375,12.95461654663086,21.94631576538086,1.852225422859192,1.9174418449401855,2.9667165279388428
20170701,20734.07421875,13.001853942871094,22.163909912109375,1.8627763986587524,2.014669895172119,3.0940120220184326
20170702,20886.990234375,13.088298797607422,22.296775817871094,1.8703265190124512,2.0003280639648438,3.1043827533721924
20170703,20754.56640625,13.122978210449219,22.23233413696289,1.875420093536377,2.0779190063476562,3.1560614109039307
20170704,20614.099609375,12.940837860107422,22.294048309326172,1.8680684566497803,1.9752132892608643,3.152796745300293
20170705,20883.072265625,12.958358764648438,22.319766998291016,1.8581444025039673,1.842545747756958,2.8225364685058594
20170706,20678.560546875,13.324882507324219,22.52922821044922,1.8699967861175537,1.8510411977767944,3.141083002090454
20170707,20828.04296875,13.627887725830078,22.839473724365234,1.874925971031189,1.8665744066238403,2.997363328933716
20170708,20506.841796875,13.655014038085938,23.048316955566406,1.8832859992980957,1.9696390628814697,3.128864288330078
20170709,20661.060546875,13.719078063964844,23.169464111328125,1.8885762691497803,1.961079716682434,3.142779588699341
20170710,20528.720703125,13.729244232177734,23.090442657470703,1.8913486003875732,2.044337511062622,3.1972713470458984
20170711,20386.9921875,13.520591735839844,23.134811401367188,1.8816221952438354,1.9471224546432495,3.1960272789001465
20170712,20653.25390625,13.509757995605469,23.140548706054688,1.8692768812179565,1.8197157382965088,2.8669419288635254
20170713,20444.48046875,13.84625244140625,23.327518463134766,1.8786691427230835,1.8331913948059082,3.185774087905884
20170714,20588.06640625,14.11771011352539,23.612899780273438,1.881108045578003,1.8533791303634644,3.0414206981658936
20170715,20259.2734375,14.111927032470703,23.794639587402344,1.8869532346725464,1.9607348442077637,3.171344518661499
20170716,20404.15234375,14.141891479492188,23.8865966796875,1.8897117376327515,1.9560697078704834,3.182729721069336
20170717,20260.6875,14.116931915283203,23.776447296142578,1.8899424076080322,2.0427989959716797,3.2337393760681152
20170718,20106.029296875,13.872264862060547,23.787883758544922,1.8776698112487793,1.948614239692688,3.228071689605713
20170719,20357.560546875,13.824703216552734,23.75902557373047,1.8627803325653076,1.8237847089767456,2.8936421871185303
20170720,20132.259765625,14.123878479003906,23.909873962402344,1.8696355819702148,1.839379072189331,3.206244468688965
20170721,20257.5546875,14.357566833496094,24.15774154663086,1.8695491552352905,1.8612303733825684,3.0548155307769775
20170722,19908.748046875,14.31368637084961,24.300701141357422,1.8728848695755005,1.9698030948638916,3.176870346069336
20170723,20031.9375,14.305328369140625,24.352718353271484,1.8731536865234375,1.9659254550933838,3.1796557903289795
20170724,19865.1875,14.24191665649414,24.201568603515625,1.8709168434143066,2.053035259246826,3.2214012145996094
20170725,19685.728515625,13.95877456665039,24.171058654785156,1.8562016487121582,1.9588532447814941,3.2058823108673096
20170726,19911.02734375,13.872749328613281,24.099376678466797,1.8388961553573608,1.8336832523345947,2.861098527908325
20170727,19658.16796875,14.133544921875,24.206623077392578,1.8433630466461182,1.8486348390579224,3.162930488586426
20170728,19754.6953125,14.328983306884766,24.410144805908203,1.8409160375595093,1.869585394859314,3.0004076957702637
20170729,19376.029296875,14.247001647949219,24.508087158203125,1.8419196605682373,1.977048635482788,3.1111438274383545
20170730,19468.39453125,14.200706481933594,24.514450073242188,1.83988356590271,1.971904993057251,3.102482795715332
20170731,19269.986328125,14.099525451660156,24.31705093383789,1.8353685140609741,2.057647228240967,3.1327552795410156
20170801,19058.171875,13.778762817382812,24.239707946777344,1.8184007406234741,1.9620521068572998,3.1058382987976074
20170802,19250.5625,13.655250549316406,24.12063217163086,1.7988660335540771,1.8354824781417847,2.7498302459716797
20170803,18964.388671875,13.878662109375,24.179920196533203,1.801125407218933,1.849105715751648,3.040710210800171
20170804,19027.333984375,14.036766052246094,24.334941864013672,1.7964907884597778,1.8688567876815796,2.867605209350586
20170805,18614.95703125,13.917465209960938,24.383819580078125,1.7953242063522339,1.9753053188323975,2.9682180881500244
20170806,18673.6328125,13.833805084228516,24.340553283691406,1.791132926940918,1.9693869352340698,2.949979782104492
20170807,18441.693359375,13.695159912109375,24.092933654785156,1.7844760417938232,2.05464506149292,2.971303701400757
20170808,18196.642578125,13.336772918701172,23.96479034423828,1.7653769254684448,1.9589049816131592,2.936140775680542
20170809,18356.220703125,13.1754150390625,23.79430389404297,1.743720293045044,1.8325722217559814,2.5726566314697266
20170810,18037.783203125,13.360694885253906,23.801559448242188,1.7438650131225586,1.8468525409698486,2.85689115524292
20170811,18069.130859375,13.480339050292969,23.903919219970703,1.7371217012405396,1.867714762687683,2.6780219078063965
20170812,17625.935546875,13.322181701660156,23.89950942993164,1.7338510751724243,1.9757553339004517,2.773793935775757
20170813,17654.67578125,13.199237823486328,23.802310943603516,1.727561116218567,1.9719291925430298,2.7516727447509766
20170814,17393.771484375,13.02083969116211,23.50015640258789,1.7188098430633545,2.0597949028015137,2.7700958251953125
20170815,17120.82421875,12.622200012207031,23.316848754882812,1.697621464729309,1.9671834707260132,2.7330265045166016
20170816,17253.6328125,12.420074462890625,23.090606689453125,1.6738816499710083,1.8444998264312744,2.368638515472412
20170817,16909.62890625,12.564067840576172,23.04157257080078,1.6719516515731812,1.8629413843154907,2.6529645919799805
20170818,16916.66015625,12.641902923583984,23.087120056152344,1.6631436347961426,1.888461709022522,2.4751687049865723
20170819,16450.44921875,12.441452026367188,23.025436401367188,1.6578223705291748,2.001633644104004,2.5729756355285645
20170820,16457.50390625,12.275749206542969,22.870590209960938,1.6494985818862915,2.0033819675445557,2.5538177490234375
20170821,16176.267578125,12.054176330566406,22.510459899902344,1.6387351751327515,2.0972280502319336,2.5760915279388428
20170822,15884.349609375,11.612010955810547,22.26895523071289,1.6155611276626587,2.0109589099884033,2.5437164306640625
20170823,15999.5625,11.3660888671875,21.984405517578125,1.5898677110671997,1.8949294090270996,2.184809684753418
20170824,15639.3193359375,11.466106414794922,21.87704086303711,1.5860215425491333,1.9202815294265747,2.475344657897949
20170825,15631.45703125,11.499900817871094,21.86437225341797,1.5753425359725952,1.9529069662094116,2.3044211864471436
20170826,15151.673828125,11.255439758300781,21.744720458984375,1.568202018737793,2.0733141899108887,2.409691572189331
20170827,15146.4404296875,11.045921325683594,21.53227996826172,1.5581175088882446,2.0823588371276855,2.398515462875366
20170828,14854.166015625,10.780841827392578,21.115100860595703,1.5456606149673462,2.1834893226623535,2.4292140007019043
20170829,14552.4013671875,10.295658111572266,20.817237854003906,1.5208678245544434,2.104419469833374,2.4056272506713867
20170830,14658.9140625,10.007354736328125,20.477188110351562,1.4936387538909912,1.9954276084899902,2.0557920932769775
20170831,14291.0546875,10.065807342529297,20.31534194946289,1.4883482456207275,2.0275797843933105,2.355604648590088
20170901,14276.59765625,10.059017181396484,20.249393463134766,1.4763243198394775,2.0666921138763428,2.194084644317627
20170902,13791.1728515625,9.775150299072266,20.07781982421875,1.4679464101791382,2.1931986808776855,2.3088085651397705
20170903,13781.181640625,9.52756118774414,19.814998626708984,1.456740379333496,2.207882881164551,2.3070626258850098
20170904,13484.958984375,9.225967407226562,19.349132537841797,1.4432847499847412,2.31412410736084,2.3470969200134277
20170905,13179.9892578125,8.70596694946289,19.004467010498047,1.4176234006881714,2.239570140838623,2.3326852321624756
20170906,13283.9599609375,8.384746551513672,18.619625091552734,1.3896628618240356,2.1344401836395264,1.991804599761963
20170907,12914.150390625,8.412342071533203,18.415176391601562,1.3837844133377075,2.1697444915771484,2.3002943992614746
20170908,12898.26953125,8.376914978027344,18.308944702148438,1.3713207244873047,2.2112505435943604,2.147125244140625
20170909,12411.8701171875,8.066787719726562,18.09954071044922,1.362656593322754,2.339350461959839,2.2698311805725098
20170910,12401.294921875,7.795459747314453,17.80145263671875,1.3513215780258179,2.354793071746826,2.275662422180176
20170911,12104.8115234375,7.472759246826172,17.30300521850586,1.3378969430923462,2.460932731628418,2.3228402137756348
20170912,11799.84765625,6.934413909912109,16.92852020263672,1.3124289512634277,2.3853979110717773,2.315117835998535
20170913,11904.0361328125,6.597694396972656,16.516693115234375,1.2848249673843384,2.278399705886841,1.9804589748382568
20170914,11534.615234375,6.612705230712891,16.28815460205078,1.279465913772583,2.310948133468628,2.29469633102417
20170915,11519.2421875,6.567680358886719,16.160762786865234,1.2676841020584106,2.3488197326660156,2.1468024253845215
20170916,11033.439453125,6.2509613037109375,15.933135986328125,1.2598609924316406,2.472425699234009,2.274320363998413
20170917,11023.517578125,5.976070404052734,15.619781494140625,1.2495231628417969,2.4825425148010254,2.284514904022217
20170918,10727.7236328125,5.652820587158203,15.108993530273438,1.2372479438781738,2.5825603008270264,2.3356308937072754
20170919,10423.4658203125,5.116916656494141,14.725028991699219,1.2130756378173828,2.500155210494995,2.331448793411255
20170920,10528.373046875,4.785560607910156,14.30655288696289,1.186906099319458,2.3855910301208496,1.9999656677246094
20170921,10159.671875,4.8087921142578125,14.074092864990234,1.183113932609558,2.409940719604492,2.3170547485351562
20170922,10145.0322265625,4.774738311767578,13.94540786743164,1.1730215549468994,2.4390506744384766,2.1717300415039062
20170923,9659.984375,4.471630096435547,13.719009399414062,1.1670013666152954,2.553408622741699,2.3015804290771484
20170924,9650.853515625,4.212837219238281,13.409255981445312,1.1585689783096313,2.5538747310638428,2.3139212131500244
20170925,9355.9111328125,3.9080162048339844,12.904281616210938,1.1482905149459839,2.6439270973205566,2.3670477867126465
20170926,9052.5966796875,3.3926925659179688,12.528190612792969,1.1261940002441406,2.551335573196411,2.3647918701171875
20170927,9158.5673828125,3.0838661193847656,12.119464874267578,1.1021672487258911,2.426460027694702,2.0352039337158203
20170928,8791.0966796875,3.131378173828125,11.898429870605469,1.100570559501648,2.440474033355713,2.3542072772979736
20170929,8777.8896484375,3.1231307983398438,11.782646179199219,1.0927133560180664,2.4593253135681152,2.210866689682007
20170930,8294.52734375,2.84710693359375,11.570419311523438,1.088954210281372,2.563603401184082,2.342819929122925
20171001,8287.384765625,2.616436004638672,11.275882720947266,1.0827951431274414,2.5542709827423096,2.3574252128601074
20171002,7994.7861328125,2.340534210205078,10.786956787109375,1.0747867822647095,2.6349070072174072,2.4130184650421143
20171003,7694.224609375,1.8546600341796875,10.427532196044922,1.0549445152282715,2.533379316329956,2.413468599319458
20171004,7803.41552734375,1.5755767822265625,10.03585433959961,1.0331419706344604,2.4001433849334717,2.0868561267852783
20171005,7439.6845703125,1.6528472900390625,9.832046508789062,1.0337258577346802,2.406463623046875,2.4091291427612305
20171006,7430.79736328125,1.6741256713867188,9.73345947265625,1.0279929637908936,2.418372631072998,2.2693722248077393
20171007,6952.38720703125,1.4271583557128906,9.538185119628906,1.0262889862060547,2.516540288925171,2.405233144760132
20171008,6950.88671875,1.2248382568359375,9.260173797607422,1.0221045017242432,2.5020008087158203,2.4240758419036865
20171009,6664.6689453125,0.9763412475585938,8.787158966064453,1.0159797668457031,2.578397750854492,2.484234094619751
20171010,6371.27978515625,0.5167198181152344,8.44287109375,0.9979196190834045,2.473654270172119,2.489565849304199
20171011,6488.478515625,0.2625389099121094,8.065404891967773,0.977788507938385,2.3382740020751953,2.1681339740753174
20171012,6133.6357421875,0.3631706237792969,7.87474250793457,0.9799262881278992,2.3435559272766113,2.4958624839782715
20171013,6134.552734375,0.4061241149902344,7.788122177124023,0.9756222367286682,2.3555612564086914,2.361802339553833
20171014,5666.90087890625,0.178985595703125,7.603546142578125,0.975216805934906,2.4549753665924072,2.5035626888275146
20171015,5677.13623046875,-0.005458831787109375,7.33488655090332,0.9721965789794922,2.4428369998931885,2.52846097946167
20171016,5403.66015625,-0.23813247680664062,6.869836807250977,0.9670988917350769,2.522784948348999,2.5947790145874023
20171017,5124.03125,-0.6840591430664062,6.532081604003906,0.9499269723892212,2.4227261543273926,2.606316089630127
20171018,5256.02294921875,-0.9267196655273438,6.159717559814453,0.9305456280708313,2.293135166168213,2.2910728454589844
20171019,4917.0087890625,-0.8167495727539062,5.972749710083008,0.9332948923110962,2.305274486541748,2.624906063079834
20171020,4934.791015625,-0.7666587829589844,5.888452529907227,0.9294676780700684,2.3251566886901855,2.4967949390411377
20171021,4485.0302734375,-0.9888153076171875,5.704887390136719,0.9294081330299377,2.4334073066711426,2.6442763805389404
20171022,4514.171875,-1.1703834533691406,5.436017990112305,0.9266077280044556,2.4309988021850586,2.674591541290283
20171023,4260.5927734375,-1.4022102355957031,4.969633102416992,0.9216100573539734,2.5214924812316895,2.745946168899536
20171024,4001.825439453125,-1.849212646484375,4.629547119140625,0.9044264554977417,2.432710647583008,2.7620654106140137
20171025,4155.6083984375,-2.0947608947753906,4.254009246826172,0.8849300742149353,2.3150362968444824,2.450873613357544
20171026,3839.28076171875,-1.9893226623535156,4.063167572021484,0.8874706029891968,2.339632987976074,2.7881546020507812
20171027,3880.5908203125,-1.9452667236328125,3.974477767944336,0.8833516836166382,2.372408390045166,2.6628193855285645
20171028,3455.15625,-2.1747665405273438,3.786191940307617,0.8829284906387329,2.4938817024230957,2.8123390674591064
20171029,3509.360107421875,-2.364795684814453,3.512472152709961,0.8797045946121216,2.5049118995666504,2.8438947200775146
20171030,3281.523193359375,-2.6059951782226562,3.0412960052490234,0.8742362856864929,2.6089465618133545,2.9156386852264404
20171031,3049.1103515625,-3.0630645751953125,2.696714401245117,0.8565472364425659,2.5336921215057373,2.9312472343444824
20171101,3229.79443359375,-3.3191299438476562,2.317169189453125,0.8365244269371033,2.4294166564941406,2.6186063289642334
20171102,2940.833740234375,-3.224468231201172,2.1230316162109375,0.8385308980941772,2.4671688079833984,2.9534695148468018
20171103,3009.912841796875,-3.191173553466797,2.031980514526367,0.8338830471038818,2.512744426727295,2.8247251510620117
20171104,2612.56591796875,-3.43121337890625,1.8424644470214844,0.8329494595527649,2.646552324295044,2.9698309898376465
20171105,2695.097412109375,-3.6313304901123047,1.5688400268554688,0.8292468786239624,2.6693480014801025,2.9959678649902344
20171106,2495.74560546875,-3.881929397583008,1.0993061065673828,0.8233440518379211,2.7844793796539307,3.0612947940826416
20171107,2291.89990234375,-4.347511291503906,0.7580623626708984,0.8052764534950256,2.719559907913208,3.0695083141326904
20171108,2501.14697265625,-4.611001968383789,0.38372230529785156,0.7849423289299011,2.6247713565826416,2.7485244274139404
20171109,2240.66748046875,-4.5224761962890625,0.1968250274658203,0.7867154479026794,2.6710855960845947,3.0741355419158936
20171110,2338.06884765625,-4.493875503540039,0.11515617370605469,0.7819215655326843,2.7242298126220703,2.9352827072143555
20171111,1968.7978515625,-4.737007141113281,-0.06272125244140625,0.7809382081031799,2.864553451538086,3.069486618041992
20171112,2079.09521484375,-4.938478469848633,-0.3223552703857422,0.7772889137268066,2.892763376235962,3.083998680114746
20171113,1907.120849609375,-5.188592910766602,-0.7754955291748047,0.7715494632720947,3.012169361114502,3.1370596885681152
20171114,1730.19189453125,-5.651754379272461,-1.0978984832763672,0.7537603378295898,2.950357437133789,3.1324572563171387
20171115,1965.8323974609375,-5.9108428955078125,-1.4509334564208984,0.7338233590126038,2.8574936389923096,2.7982065677642822
20171116,1731.161376953125,-5.815887451171875,-1.6140880584716797,0.7361143827438354,2.904545545578003,3.110206127166748
20171117,1853.7242431640625,-5.778829574584961,-1.6696109771728516,0.7319611310958862,2.9572460651397705,2.957510471343994
20171118,1508.9224853515625,-6.011486053466797,-1.8190059661865234,0.731740415096283,3.0959644317626953,3.0777578353881836
20171119,1642.9388427734375,-6.200517654418945,-2.0479068756103516,0.7289744019508362,3.1214356422424316,3.0783236026763916
20171120,1493.8968505859375,-6.436300277709961,-2.46820068359375,0.7242356538772583,3.2370100021362305,3.11757493019104
20171121,1339.0767822265625,-6.883338928222656,-2.755777359008789,0.7075604796409607,3.1703238487243652,3.0994277000427246
20171122,1595.969482421875,-7.1246337890625,-3.072174072265625,0.6888449788093567,3.071603775024414,2.7520244121551514
20171123,1381.670654296875,-7.010368347167969,-3.1970787048339844,0.6924588084220886,3.1118862628936768,3.0513947010040283
20171124,1523.70263671875,-6.952646255493164,-3.212940216064453,0.6897210478782654,3.156982660293579,2.8867180347442627
20171125,1197.455322265625,-7.163480758666992,-3.321493148803711,0.6909998059272766,3.2873470783233643,2.9957563877105713
20171126,1349.10546875,-7.329748153686523,-3.5086326599121094,0.6898078322410583,3.303807020187378,2.98600435256958
20171127,1216.7763671875,-7.542043685913086,-3.8864898681640625,0.6867061257362366,3.4098103046417236,3.015941858291626
20171128,1077.7529296875,-7.965114593505859,-4.131229400634766,0.6717200875282288,3.333096504211426,2.9895896911621094
20171129,1349.5361328125,-8.182210922241211,-4.404674530029297,0.6547337174415588,3.223996877670288,2.6351895332336426
20171130,1149.237060546875,-8.043779373168945,-4.4868011474609375,0.6601039171218872,3.253657102584839,2.9288578033447266
20171201,1304.404541015625,-7.962181091308594,-4.460334777832031,0.6591370105743408,3.287998676300049,2.7598514556884766
20171202,990.4566650390625,-8.149707794189453,-4.527309417724609,0.6621882915496826,3.4075851440429688,2.8659989833831787
20171203,1153.599609375,-8.29349136352539,-4.673906326293945,0.6627568602561951,3.4133529663085938,2.854846954345703
20171204,1032.000732421875,-8.48438835144043,-5.012521743774414,0.6613911986351013,3.5088577270507812,2.884915590286255
20171205,902.9805908203125,-8.887405395507812,-5.219596862792969,0.6481038331985474,3.421941041946411,2.860252857208252
20171206,1184.096923828125,-9.08602523803711,-5.457218170166016,0.6327660083770752,3.303034543991089,2.509111166000366
20171207,992.5067138671875,-8.930929183959961,-5.505575180053711,0.639723002910614,3.3233773708343506,2.807602882385254
20171208,1155.817138671875,-8.834693908691406,-5.447633743286133,0.6402701139450073,3.348978281021118,2.644967794418335
20171209,849.5029296875,-9.009786605834961,-5.485628128051758,0.6447518467903137,3.4604809284210205,2.759000539779663
20171210,1019.83642578125,-9.143514633178711,-5.605892181396484,0.6466578841209412,3.4588944911956787,2.7571988105773926
20171211,905.0452880859375,-9.326883316040039,-5.920984268188477,0.6465286612510681,3.5478355884552,2.7980196475982666
20171212,782.5225219726562,-9.725000381469727,-6.107473373413086,0.6343688368797302,3.4552013874053955,2.7854321002960205
20171213,1069.889404296875,-9.921438217163086,-6.327507019042969,0.6200436949729919,3.331465482711792,2.447596549987793
20171214,884.3766479492188,-9.76693344116211,-6.361352920532227,0.6278937458992004,3.347900867462158,2.7605206966400146
20171215,1053.658935546875,-9.674077987670898,-6.291997909545898,0.6292105913162231,3.370537281036377,2.613325357437134
20171216,753.2902221679688,-9.85531997680664,-6.321651458740234,0.6343366503715515,3.480029582977295,2.7436747550964355
20171217,929.6117553710938,-9.997934341430664,-6.436613082885742,0.6367608308792114,3.4773857593536377,2.7589271068573
20171218,820.9213256835938,-10.192819595336914,-6.749366760253906,0.6370240449905396,3.5662119388580322,2.817389726638794
20171219,704.68603515625,-10.604978561401367,-6.936344146728516,0.6251330375671387,3.474381685256958,2.8228728771209717
20171220,998.5966186523438,-10.817827224731445,-7.159563064575195,0.6109572052955627,3.3523361682891846,2.503373861312866
20171221,819.9541625976562,-10.681901931762695,-7.199102401733398,0.6188415884971619,3.371303081512451,2.8347291946411133
20171222,996.5056762695312,-10.609582901000977,-7.1377410888671875,0.6200839281082153,3.39725923538208,2.7058868408203125
20171223,703.8578491210938,-10.813066482543945,-7.177433013916016,0.6250345706939697,3.510796546936035,2.8543362617492676
20171224,888.4281005859375,-10.979328155517578,-7.304210662841797,0.6271913051605225,3.512850522994995,2.8872597217559814
20171225,788.5661010742188,-11.198972702026367,-7.630256652832031,0.6271047592163086,3.606948137283325,2.9627885818481445
20171226,681.7999267578125,-11.636653900146484,-7.831684112548828,0.6147925853729248,3.520876407623291,2.9845645427703857
20171227,985.8695678710938,-11.875434875488281,-8.070168495178223,0.6001362800598145,3.4049837589263916,2.680415153503418
20171228,818.1349487304688,-11.765472412109375,-8.125419616699219,0.60749351978302,3.4304006099700928,3.0260186195373535
20171229,1006.3768920898438,-11.718748092651367,-8.079842567443848,0.6081753373146057,3.4630017280578613,2.910170078277588
20171230,726.2531127929688,-11.947059631347656,-8.135008811950684,0.6125460267066956,3.5832748413085938,3.0702152252197266
20171231,924.2095336914062,-12.136957168579102,-8.276556968688965,0.6141170263290405,3.592050552368164,3.1132044792175293
