DAY,IRRAD,TMIN,TMAX,VAP,WIND,RAIN
20170101,-5433.149911837333,-19.13391982082897,-14.187990766232584,0.06942525008218321,1.3723448609000315,-4.935851305750892
20170102,-5348.077662875998,-19.46194371488349,-13.945945540383637,0.041166416297238724,1.4153592754703566,-4.341631958830512
20170103,-5652.475334521728,-20.031419152154022,-14.622431453948911,0.02311666936202493,1.2218191826888283,-4.0130992300893
20170104,-5374.276792291238,-20.59948346246941,-14.90451537074043,-0.04050630137893214,1.2252664522005021,-4.594579375807158
20170105,-5850.617740165365,-20.341387161060062,-15.452939386957368,-0.0028054065866328294,1.2179709225526358,-3.9576405277237447
20170106,-5359.424848295755,-20.969039804480985,-15.52854384192812,0.02896262322715442,1.0619211278596707,-3.9382020818082353
20170107,-5429.948901709818,-20.818649704889605,-16.038025395639742,0.00891616774572203,1.2702280204032137,-4.106806248865331
20170108,-5248.398754766372,-21.3606896488382,-15.025194245184231,-0.011644168497783696,1.2784137535600615,-3.309573755295657
20170109,-5011.840597232227,-21.56990219142158,-16.332374841880707,-0.01452383545325667,1.3034658351101094,-3.913631892375865
20170110,-5580.152767166196,-22.037243231216895,-16.691610765174925,-0.011027762974431973,1.063098906655865,-3.3848377936293974
20170111,-4821.546845485814,-21.88563505044861,-16.198883021644455,-0.05303094580448939,1.2454040939736075,-4.080263168797798
20170112,-5200.376757535865,-22.345470787362643,-16.629653830906552,-0.07257919671413687,1.2744648329054031,-3.7666999021281415
20170113,-4846.028375358861,-21.509929181272128,-16.430509884827003,-0.0517347897242911,1.316597853924947,-3.3700797615019207
20170114,-4932.034880029512,-21.933517565310485,-16.840503362464684,-0.043527457841530566,1.2906371758446114,-3.737635206804123
20170115,-5380.219065017912,-23.246607109652448,-16.56176509730351,-0.03488627365206504,1.4100621162998586,-3.2182479039682232
20170116,-4945.078992757497,-23.038641288240058,-17.280481203024397,-0.061854194620585716,1.4743640905554922,-3.52226901821447
20170117,-4907.1035077795705,-24.12923360652999,-18.720409965903094,-0.07021860730070235,1.2605069786650065,-4.055461468617645
20170118,-4760.196663372081,-24.60477794980441,-17.96031523940995,-0.08386502496054077,1.1652927127568655,-3.5602520270828504
20170119,-4646.501710616231,-24.2888814743512,-18.164846948316523,-0.06062424570116552,1.3735494804133486,-3.676279760218138
20170120,-4129.236088194831,-23.798540786610804,-17.99426530986512,-0.0647509471930504,1.5759330139491372,-3.76742528020825
20170121,-3877.301620296962,-24.60172388678009,-17.84011643009873,-0.028266387928629785,1.5480514485933206,-3.995673958967892
20170122,-4446.799436000066,-24.176175672715758,-18.28694676519928,-0.019767675261233013,1.6034169618529757,-3.676915777772903
20170123,-4143.15037151242,-24.24779058437385,-18.835061381069806,-0.04559147525238024,1.742843257098816,-3.794622970321881
20170124,-4041.814067754609,-24.557542020310375,-18.259598294590553,-0.058482970787209085,1.6703952235094828,-3.7680883249677453
20170125,-4254.495906824374,-24.883257214994558,-17.944918758042093,-0.06849920925666148,1.6166896858186894,-4.446248610153445
20170126,-3812.154425482957,-23.564427743978023,-18.957598650855097,-0.056938994506802613,1.6676724761548636,-3.670923843003858
20170127,-3403.6411859134364,-24.222236936932045,-18.305849870447137,-0.03366328991554188,1.7645808728103756,-4.458232050604693
20170128,-3782.4530454215187,-24.782601820740343,-17.915754556735557,-0.03718780870744869,1.872140961894436,-4.248112345631719
20170129,-2779.0549834319636,-24.59259566031099,-18.224540608779844,-0.022505414316672873,2.0165673628705387,-3.885937366743727
20170130,-2342.1836279917197,-23.897247918041696,-18.085865426498863,-0.00979644572103461,2.0862391755508045,-4.985774691471494
20170131,-2852.989508301757,-24.523600281684782,-18.391600011322552,-0.019868798899926175,1.8522592661119839,-4.486208441972289
20170201,-2199.2513837755428,-23.831775723966317,-17.74983733594691,-0.04529174167519476,2.122478250421912,-4.8028814925448025
20170202,-2394.6890550026696,-24.069609401799596,-17.594109360611785,-0.017604543039453403,1.7427775666223713,-4.549056034655316
20170203,-2155.29512759757,-23.519553139792944,-17.47761774443584,-0.025246619815098438,1.7528210796430777,-4.399958429933236
20170204,-1826.443339698667,-23.05213331952087,-17.28917369874806,0.006629146785489997,2.194129732347554,-4.547658826704143
20170205,-1980.9735586833162,-23.230818223883617,-17.19094114804604,0.006319832495889322,1.9538561641495444,-5.0743992380900425
20170206,-1550.3934950008697,-23.153154727424237,-17.147304441941184,0.0073300956911422485,1.7967832483051889,-4.551331906839487
20170207,-1912.9175941374426,-22.777261297448263,-17.00156661853763,-0.011421327242304886,1.866983059578141,-5.065636873714583
20170208,-1169.704460188402,-22.964563241658283,-16.893609914247765,0.03563123052316379,1.8255185262789044,-5.374243544204085
20170209,-1421.5901168265648,-22.101001739962243,-16.32151939593312,0.002536890636251193,1.6996582345551758,-4.554827981837788
20170210,-1357.5706387440105,-22.260808848578858,-16.586058287579515,0.03404025218397681,2.020054354508231,-4.792579066924295
20170211,-1502.430541838805,-21.40410582865468,-16.717100780701227,-0.02559410773780255,1.7598439987111518,-5.054893978304365
20170212,-886.7983656449951,-21.69124761372995,-15.335163236883488,-0.022280209537959082,1.7163513637888466,-4.205648365519942
20170213,-1406.9973555190857,-22.11934854625492,-15.645779960734224,-0.019389451956884105,1.7968424449717404,-5.027876546497348
20170214,-808.8352624413361,-22.589613008799116,-15.611174738239567,0.042291386887567096,1.4098079976035767,-4.561705434482523
20170215,-786.2979792428836,-21.05566060189655,-14.836051792964367,-0.02745219880865501,1.4262095932193875,-4.719764797918559
20170216,-742.797193929235,-21.808164462600857,-14.552162613648369,0.01180389682946786,1.376150148973367,-4.808267953398202
20170217,-1097.1913872808902,-20.966727507266043,-14.604919403133763,-0.009165624160292814,1.3776433987529706,-4.910898606469348
20170218,-760.8963599699789,-20.119127562422193,-13.835731524817632,0.04516502875734272,1.237777975793632,-4.22175748450784
20170219,-407.33501775400555,-20.924476938240637,-13.854385220679456,0.06670712843923943,1.4394228573423393,-4.818179710663682
20170220,-579.0916835530041,-20.25210959602235,-13.830900368594408,0.03838747517809178,1.3482789014765841,-4.640071195263681
20170221,-235.8003213804497,-19.496723573041525,-13.832176599098004,0.06820065137449735,1.1759931300620925,-4.693826382175995
20170222,-151.46125565010217,-19.560546408380137,-14.130862488607677,0.05603883213113551,0.9371746461052244,-5.138100567005438
20170223,-55.44836449500111,-18.89702457408258,-13.612599711493228,0.039283715035309634,0.9174609070711934,-5.333806407505511
20170224,-319.71780695755075,-19.315130860567173,-13.208865590853874,0.05029851964631301,0.9941576973636055,-5.057181407582622
20170225,19.76609003926946,-19.010339552014994,-12.550066520393674,0.06998917071118402,0.9748823362519923,-4.705646123987183
20170226,-31.428557722139345,-19.837786373191797,-12.019044002580486,0.12088351034605932,1.1235142037602313,-4.067740140862583
20170227,615.9718460422722,-18.646950020556496,-12.45942077793653,0.08884356308250346,1.0132777763767342,-4.605745253184018
20170228,736.5921030776994,-19.00458115267508,-11.626563979378048,0.13877388227295231,0.9521771801458935,-4.436299062629129
20170301,1930.3982488930105,-19.114164042188495,-11.60810447458287,0.07382002669422831,0.8019634390678713,-4.885865565210619
20170302,1539.2825176308813,-17.70834496936353,-12.112962738957272,0.14335668670189647,0.8498723736744977,-4.6482259262340815
20170303,1409.7009027526778,-17.7516644972401,-11.174443882244674,0.12945451867250313,0.8936860590554135,-5.17783821308589
20170304,1345.33341693958,-17.535830026225575,-11.522975074106022,0.1320028494531643,0.8462008342893462,-4.4816423940720815
20170305,2624.8797242662113,-17.39362246087912,-10.552877936299613,0.10965978133117259,1.0021492262448235,-4.502098515453654
20170306,2804.8954501134453,-16.776824315593363,-10.797062340863432,0.15482329921222934,1.0131044947635823,-5.119683184297627
20170307,2378.7798477671076,-17.491154090046344,-10.63931532688636,0.1258591233800557,1.1624263794843812,-5.376886285550759
20170308,2848.861760109392,-17.716581039233457,-9.898198636996467,0.11834083990099176,0.9728523142870033,-5.995563306440733
20170309,3005.8534970361393,-17.021581198656044,-9.910924580671047,0.12417208797344666,1.032944165637455,-4.467606397561982
20170310,3176.9747150733424,-17.187459797865397,-10.124661771563986,0.11502831004373554,1.1242132673129155,-5.06754806787506
20170311,3692.553246484957,-17.102397722063458,-9.126454929219733,0.11084449928416444,1.404754610153875,-4.954957307306621
20170312,3232.200783627299,-16.439702265874963,-9.054477280340999,0.15484272864757428,1.4514518526111309,-4.907956790499585
20170313,4169.047622469167,-15.881731823170472,-9.697811779901881,0.15750715828980452,1.4489647130866368,-4.825321270391069
20170314,3795.420180856763,-16.26996595988585,-9.582995778845707,0.10429360127655316,1.3651414647339832,-4.854852434181881
20170315,4175.078529649119,-16.84631028881255,-8.582627785564501,0.1415043117725607,1.2319572308910747,-4.927857519201509
20170316,4295.843115440927,-16.34816965229487,-8.825401984359907,0.13771909247491637,1.385214767287067,-4.003423654696609
20170317,4768.422203886018,-16.042000080373384,-8.169609214767718,0.12483716388202785,1.5018539159296276,-4.179500715839997
20170318,4338.967432740648,-14.863212496196523,-7.572450526046105,0.1628973082265833,1.5052833368780105,-4.826987966293295
20170319,3619.2386261223323,-15.770043832901479,-7.262026112864423,0.16344942879062105,1.573946082504697,-4.5912781451540585
20170320,4585.194949791824,-15.435674698675108,-8.128499937674535,0.17528503892934838,1.7143463958303586,-3.7602824295494233
20170321,4190.403423661128,-15.278053212055152,-7.708093566429092,0.16046135192648223,1.610125277178245,-3.8863603084183067
20170322,4758.59287289332,-14.660143968960625,-7.529412080555042,0.17371969597028242,1.5189063637210427,-4.581900624719347
20170323,4400.382597403991,-15.044070720317963,-7.871973154097195,0.1338381149317981,1.6375246515012574,-3.759826236261719
20170324,4483.664966051666,-14.379865311239264,-7.399670976198631,0.14850263341110267,1.6492275768712683,-3.7201096552484048
20170325,4049.814162597575,-14.333948232092084,-6.957188665389422,0.17557269014169535,1.6300252527449353,-3.221683242946494
20170326,4384.341174920632,-13.986513637986695,-6.366460263105567,0.16493813109011152,1.5596057103452945,-3.4885677578911003
20170327,4289.368070884286,-14.216834428007592,-6.686990031030566,0.1927766181183668,1.7492273297696839,-3.697492410241128
20170328,3916.9323581356584,-14.444277411079064,-5.786415144787746,0.22879694487865743,1.564845304652123,-3.2325748423507252
20170329,4552.808114886926,-14.298563986054445,-6.091424404734324,0.20727932545123304,1.5680734898519657,-3.366496071532934
20170330,4907.49180034658,-13.029727667539388,-5.935657115808944,0.24812717661166842,1.5181649399611081,-3.51298739646768
20170331,3456.006388092389,-12.88389172783079,-5.7786227789170805,0.22437381815296736,1.4167263656996298,-3.170783130627404
20170401,4425.098397759152,-12.880121495302237,-4.496046719110897,0.30204439066781597,1.4055899187380758,-3.448795912117571
20170402,4630.812657305627,-12.580805672486699,-4.9806137145539315,0.27140079765938185,1.5285856401616438,-2.840830606328896
20170403,3965.4581272334285,-11.758005498209725,-4.780901824169019,0.32147998496217517,1.3041086965728317,-3.032282721032888
20170404,4054.7541974411192,-12.071389532267608,-3.5633776908033745,0.31530287448611843,1.2149225307075298,-3.287786468582514
20170405,4411.953722012761,-11.81981915260555,-3.356099000355035,0.3267172575681679,1.0981180802566863,-4.477691786179836
20170406,4207.741707821146,-11.72652075405642,-3.576601974553915,0.32422627941873194,0.8323329950242577,-3.9901623822966084
20170407,4372.928888209293,-11.047508181982524,-2.175128083686182,0.36502446437164165,0.8595531436948876,-3.6028288928912615
20170408,4073.373660221245,-11.098765337587741,-2.4262611129160003,0.39757985418971453,1.0364981030523914,-3.806937266932588
20170409,5342.403467587822,-11.001938563547554,-1.5382037095425811,0.393610049998521,0.9363733087336538,-4.11569184257542
20170410,4971.559501528375,-9.797925882374551,-0.7287392871102798,0.42575375700299095,0.6460789747061657,-3.3592695737888
20170411,5118.659792023839,-10.418446178714316,0.002056541209976438,0.4556288035729799,0.919954855154269,-4.255889839703787
20170412,5853.274351465237,-9.654104172659233,0.5183916506493197,0.47363105311811193,0.49186568492860866,-4.423806031879665
20170413,5869.278016814596,-8.968889870925613,0.9577716038932826,0.49029132454400526,0.7412395536669001,-4.734630738524124
20170414,6013.121676958583,-7.613819307458806,0.6483771318390159,0.499375634301185,0.49375868249017335,-4.695289254290855
20170415,6393.977976401802,-7.893313261933874,1.7846726195247191,0.5292185651273522,0.6656741805861366,-4.390005551253624
20170416,7040.332634726632,-7.461235785139832,1.7481107160155267,0.5171033196020375,0.32216710502213275,-4.287468406344509
20170417,7432.561689402296,-7.213704129011514,2.110774249738448,0.5331439538886303,0.4806493355311954,-4.6181896712579
20170418,7001.067568492053,-6.891757621406446,3.3323003838126586,0.5577249064805061,0.6087837929053163,-4.72992459991049
20170419,7781.367604601945,-7.114556470775153,3.9490475347311267,0.5517471016200006,0.3189083297454026,-4.874341092230022
20170420,8687.989623043946,-5.973987732519018,4.276688543456823,0.563704817438457,0.11240396924512883,-5.2302154126305505
20170421,9188.517900416806,-5.94896149987419,5.399691979686026,0.6034664713518639,0.225637567035884,-4.615568123160539
20170422,8053.726793216446,-5.451026153792846,5.025733303281984,0.6213990070866809,0.35570206240161595,-4.56854821566622
20170423,9115.917066960454,-4.925462289930922,5.650614785200843,0.6629570158049461,0.4735602537085817,-4.466291107486606
20170424,9012.299556722457,-4.639697828387919,6.309656988274436,0.6597180085551937,0.24735375274706983,-5.21321029093589
20170425,9195.22206342963,-4.758488019987076,5.956020172385813,0.6967622270017864,0.3143643143090579,-4.8128912518305444
20170426,10391.457059199394,-4.60433019665967,6.074438760522755,0.6756451316099088,0.2550297662587493,-4.484315687069887
20170427,10004.450759181298,-4.058756637152602,6.562943836549581,0.7122470614192389,0.21721374376682245,-4.200896063059728
20170428,10916.525914880327,-3.6854718197543535,6.271369905736254,0.7483540853059463,0.12400006074953092,-4.6345780937167556
20170429,10608.528667164306,-3.8279177093278847,7.709430372853944,0.7630967418625106,0.1433776806265582,-4.772480866561765
20170430,11046.382291632895,-3.858108937792187,8.15627287143667,0.792813672560299,0.3481628886640889,-4.149345278084722
20170501,10888.345496580778,-3.111729081699134,7.005246984922411,0.793958681633448,0.2681958386679502,-4.440867353593245
20170502,11182.30171898626,-3.3598826191791242,7.911792341910008,0.7888943436035938,0.18745526249833658,-3.5979956871321024
20170503,11849.48687003558,-2.1007170922703593,8.566445322493538,0.7959153205494526,-0.11195307092202174,-4.321387419398479
20170504,11709.472404618706,-2.3555198981969823,8.2256036554404,0.8736655940568837,0.1597019087818063,-4.478117333213138
20170505,11874.847985645014,-2.6181464422065246,9.251372742883612,0.9129655142982256,0.13641560390309668,-4.407700528509609
20170506,12671.609155523147,-1.1696964098457459,8.215313023746623,0.9087988238556634,0.09499780506682344,-4.0244952471887885
20170507,12231.406450528613,-1.77491103153559,9.604093101591276,0.9339280067131319,0.3165670035441811,-3.5618302811329587
20170508,12154.228424599896,-1.0142210591773337,8.401454490958272,0.9284078630550541,0.08887030921444546,-3.9085364801861533
20170509,13003.27840891081,-1.8165216378459381,8.893024534181864,0.9391564561876793,0.15294396556144685,-3.2174750826971388
20170510,13116.698318908186,-1.7066088056079505,9.187484959265396,0.9749211654664788,-0.0928781379654014,-4.199667700119007
20170511,13036.70420176407,-0.19221604552126048,8.720619248365184,0.9848878236268332,-0.046415214395166215,-3.675030942341446
20170512,13202.233468479812,-1.0693351176016035,9.28871003055569,1.0225658894916054,0.01449511167143238,-3.995464035752901
20170513,13066.079480284838,-0.9105281001490527,10.008602924917781,0.9935636722201594,-0.16318379652430753,-3.3779371934220532
20170514,13354.117916405261,0.39808545839270004,9.635667936404042,1.0424038446439579,0.09233422393123338,-3.369178084139051
20170515,13081.637345729665,0.8465826874435307,9.673147042553223,1.055738804388376,0.12297231143816419,-3.6048764735377294
20170516,13173.862061575825,-0.6070828885138547,9.88585134223337,1.0723595876823548,0.10217807259092195,-3.3689468609454014
20170517,13488.238763964679,0.187372011919104,10.465919583957996,1.0582202659885687,0.07578576249984396,-3.9134543796233046
20170518,14003.343768779663,0.8629973540834297,10.800766403734471,1.0917361366432012,-0.024696165957753216,-3.5133305425446952
20170519,14269.455671352807,0.33652618028124287,11.065091671512025,1.1043959404640622,-0.06440295006445934,-4.086768945388933
20170520,13902.861148814603,0.5567444988523161,11.280879388628279,1.1050047668440417,0.27321859136917814,-4.0509058948896275
20170521,14480.487303468311,0.3487244601927472,10.95584352934079,1.0972618381159702,0.146720677580756,-3.842454819079855
20170522,14899.418061893299,1.5715263176723393,11.485391579311965,1.1283957673675027,0.29585453690155905,-4.358262215043096
20170523,14373.465353232681,1.4476036112930368,11.87728795454246,1.106080986195916,0.06896531113510002,-3.8293256786369176
20170524,14732.06687002107,0.9980620490107399,11.791238059541113,1.0876250345941851,0.06968190296102375,-4.496298934602079
20170525,14654.212944266157,1.6572155071953962,10.884942879173389,1.1506754923735474,-0.03958640814849499,-4.179832812275699
20170526,15217.85940372748,2.2455829624968966,12.418241681158165,1.1121720394119392,-0.04227076220473421,-4.101371760684447
20170527,14618.580009376028,2.2414787871861597,11.849954265845547,1.0721204001341573,0.06847583445797344,-4.334372376958076
20170528,14824.91641019712,2.2546701305445565,11.987297637743763,1.0994145217863358,0.27404866371469366,-4.06496933836515
20170529,15481.705730626909,2.1895077840331236,12.15438707254222,1.1095518602950543,0.40060079414715727,-3.994204021407899
20170530,15197.831652186182,1.079983512113254,11.650819179512986,1.098345789358969,0.23747466206027582,-3.898039807272672
20170531,15355.74129979314,1.649908124660147,12.211637273092778,1.09819723863305,0.0747754862905647,-4.073456920126138
20170601,14992.656497160478,1.7354440984496464,12.026262687298084,1.1355273076074934,-0.08343724411902757,-4.299523684864771
20170602,15428.27702920041,1.6049367215426646,11.95566439455825,1.1266623776669014,0.11590181244826876,-3.658978834717742
20170603,14708.038895952943,1.7834716112016542,12.0180427486035,1.1001611934262228,0.08765719949783177,-3.9236872483654373
20170604,15202.01904897103,2.0006549119512096,11.619330789647197,1.1162570274401573,0.276644742142822,-4.080736925410718
20170605,14307.068853459732,1.6835464006624965,11.804575234215541,1.0869123424078568,0.3634839122724703,-3.9866822133000714
20170606,14410.760984052402,2.021207241954097,12.02122926295348,1.1364021672626914,0.2234529430506689,-3.3040858487663307
20170607,14827.185296033387,1.4932822539877175,11.581567020017642,1.1421260872108583,-0.07788442369304296,-4.074898457650806
20170608,15097.919406770563,1.9866625907829825,11.582311513731815,1.1453262788354297,-0.29423881174143274,-3.3866308443193622
20170609,15293.479663622542,2.2091063791234586,11.889818704248668,1.1563441899098623,-0.196505855003096,-3.6134030258158183
20170610,14308.675373931768,2.1426495947232627,11.938826217566142,1.166327761408963,0.1656093117877848,-3.3477799208919343
20170611,14868.30035956533,2.8082667810913815,11.605353801933607,1.1806204264075224,0.04916597084846516,-3.3451777031134307
20170612,14481.880675453636,2.100823732867121,11.870963394394057,1.1947007532886535,0.17600444905257714,-2.379471476813337
20170613,13987.334384316366,2.01186145400823,11.8191952189439,1.20058038896196,-0.00809640417442589,-3.1334464164236047
20170614,14369.24392747808,1.7235004984156332,11.58542642156194,1.2025083840291464,0.12481459456651657,-3.7040459160181505
20170615,14508.53754602379,2.3520167854329714,12.257720827801485,1.2441275512148278,-0.0804532507993601,-3.179982195855165
20170616,14737.63579331222,3.2059248653661547,11.335689029478006,1.25083561493457,-0.16122311732680664,-3.3579967678927414
20170617,14691.075169026035,3.3883703008330146,12.40738828559159,1.2196657836073026,-0.0480435871510159,-3.1101256216823256
20170618,14012.203181193938,3.2527222533459783,12.552224942577816,1.2623231074127268,-0.00029028712042166165,-2.3745316717973597
20170619,14508.974176564705,3.090217081908037,11.739799437639576,1.2641512826451509,0.09840844739604945,-2.6659779444665905
20170620,14208.108479133207,3.0589631760889815,13.100825110048481,1.2854029941331941,-0.04810664661322756,-2.66110820377945
20170621,14367.924218406686,2.8992475711872254,12.711391876292392,1.2873889754511276,-0.12008718980786368,-3.5479016748159538
20170622,14261.233722132041,3.320010737503042,11.780804173647054,1.3466376935033655,-0.0989866111524376,-2.9876561993806474
20170623,14526.90244732952,3.79424050589959,13.29183459267233,1.3582520080131244,-0.051178763622829505,-3.2285820362526656
20170624,14014.949919848932,3.704286568664577,12.931871665204525,1.3204846593072652,0.008321965168600412,-3.793032832623423
20170625,14441.786242433605,3.6883848272477238,13.78553828188234,1.3873212715784766,-0.22297613740063538,-2.980351747309214
20170626,14066.42796501821,3.7330441745038083,13.217992691437104,1.3653460940860285,-0.07167965966657802,-3.3918402503431815
20170627,14267.410066227318,4.1339428567631105,13.845939651595902,1.3550378541305161,-0.27053445533349835,-3.0114290584113226
20170628,14612.15097883742,3.8228492410509314,14.317963123735247,1.3590556147662378,-0.4004859543605459,-3.5491914922777
20170629,14168.653057802263,4.512451391593683,13.968481349411116,1.3723662404885195,-0.24424964580110312,-3.564990981911857
20170630,14231.053203179177,4.700441141345315,13.817550529038371,1.4095011119505947,-0.16897244760173447,-3.034468371091914
20170701,14726.01062857608,4.15698328597421,14.912966219282676,1.3508859830380968,-0.1797803794927885,-3.539875206821064
20170702,13852.67461477441,4.587097224066733,14.871678527141356,1.384019317859955,-0.12406371977088085,-3.1911000829764937
20170703,13524.229816546207,4.747480823989889,14.380705108165674,1.3387675776705679,0.1608893539276855,-3.8676760169900133
20170704,13899.034720481704,4.164349048770702,15.286934205986336,1.3485260526249412,-0.12254176515577075,-3.476643608246778
20170705,13866.810578908662,4.79127057913126,14.552122204449258,1.3202647632994462,-0.08692403138477327,-3.6644798673003587
20170706,13562.81961746336,4.724615716780096,14.903037871822285,1.335403605192095,-0.08563115996541357,-3.1298650148167284
20170707,14405.81752948702,5.293156765331026,14.922082092297646,1.3484233029349555,-0.14748815836096166,-3.2815955949080826
20170708,13631.91831757453,4.853848700678156,15.043424377826476,1.3169381203282737,0.06681757346581225,-3.675008291460468
20170709,13593.255761698414,5.124078554565098,14.735892210820534,1.3211240179360664,-0.06971166679177182,-3.1425205727875607
20170710,13081.742265169773,4.336610555657916,14.536209028676387,1.344890759316107,0.06463697315862126,-3.719304808752409
20170711,13542.882419280968,4.667239494038715,14.540310514491118,1.3471226456829655,0.029214278417944564,-3.3719536032437243
20170712,13480.43122865169,4.309425276426875,14.627332806606372,1.3039550525407755,0.05502342894274752,-4.004096393025773
20170713,13445.416223230237,4.657168104961856,14.723141012237075,1.296311847115167,-0.13327544311627534,-3.2651506725478936
20170714,13418.021689260999,4.546919328886667,14.952362226754698,1.2982812090113274,0.13066948418860605,-3.6699053901196166
20170715,12536.077397995417,5.1653594463648975,15.36984398608801,1.272020165783338,0.22429289520935974,-3.525510494895363
20170716,12951.539998082671,5.933743845110032,15.099104589761728,1.3224751994073152,-0.22879585990026138,-3.2794070896830614
20170717,12362.87093370948,5.356079184623463,14.504189721914733,1.281110353167705,0.02615608265297367,-3.4436379435120466
20170718,12384.76609647213,4.639397162888529,15.028690432720323,1.2483737488976974,0.21246512297797962,-3.0519656465534273
20170719,12600.420746787393,5.482688772766007,15.075378858989259,1.2643816197961886,-0.3786493692485239,-3.807064287055403
20170720,12977.542266315164,4.950487942208276,14.71283376095616,1.2653284776063294,-0.10305459561634821,-3.178764448034145
20170721,12425.413692588932,5.364058646595824,15.715721356197639,1.2681140887490352,-0.15438081351023528,-3.4010718945911713
20170722,12010.796430869774,4.958731412635166,15.084915931821115,1.3245054483374747,-0.16810703714595665,-3.4554839932235586
20170723,12251.387944828299,5.547002705836795,15.371756039011938,1.323101401430682,-0.03220879646167456,-3.4348523407258975
20170724,12155.201547143646,5.531795799104226,14.865283318420449,1.3187548285743302,-0.19412474109580322,-3.54438289518113
20170725,12139.47347352969,5.258273374180541,15.558184104105083,1.3024678635003586,-0.15787236761373064,-3.273129446197869
20170726,12603.795003078132,5.752285214858828,15.75736660016894,1.2758913790535382,-0.16441155371554067,-3.8946867876860134
20170727,11614.715713450329,5.685560028540719,15.842209983415101,1.3347689781416783,-0.34110833690838877,-3.495789493135548
20170728,12039.79324688067,6.409617378115903,15.723852863466146,1.2978992001589207,-0.295731217328907,-3.8013896852727247
20170729,12030.088567195964,5.7348819333444645,16.423913887504163,1.3014589369154095,-0.26234513516124425,-3.226577112462763
20170730,12140.583004650853,6.568634987575756,16.221570352055462,1.3226552988277887,-0.25850641764408705,-3.57654472857187
20170731,12108.492780211809,5.725381151592475,16.677936936956076,1.3680520379236207,-0.4945878478378691,-3.1075281405101824
20170801,11974.519540462257,5.73337978186759,16.53282632165384,1.329514223070937,-0.39186058261757195,-3.467873500642238
20170802,12668.332970959775,5.923526482357469,16.66706739996017,1.303211140373921,-0.47240914393428224,-3.712991262735381
20170803,11898.85691684543,5.863437489527572,16.311548492402636,1.30291207825566,-0.3098091054027195,-3.995287002206568
20170804,11914.695961140333,5.927940523135483,17.11904187378866,1.3512208953728022,-0.3190525193625225,-3.8981521117187268
20170805,12035.961575880146,5.770532379320938,16.98874804776225,1.3060897047201887,-0.2717681775574743,-3.616019906046155
20170806,12268.527791171693,4.956810728908806,16.784868969620373,1.3106720818733828,-0.4499398906795245,-3.3594013927280972
20170807,11819.353385008499,5.715321899472673,17.218312979946752,1.3086840652950205,-0.21035279527688033,-2.874281792097266
20170808,10946.324438150288,5.9635505729381775,16.535225589723744,1.3126870470025724,-0.2620545577527908,-4.136373477384103
20170809,12170.1163038512,6.171713046815481,16.502913748421363,1.2672882593572854,-0.35027151549379965,-3.961109122259973
20170810,11301.319807110638,6.079824708970846,16.457257053613365,1.2544382609315687,-0.21099799090302215,-3.222240199561287
20170811,11209.69400609832,6.359320655400971,17.077667015796592,1.2445182374509727,-0.17205856401325736,-3.883589453533406
20170812,11134.433457592497,5.410868659713198,16.990074799889147,1.2622808158139067,-0.09687204450859438,-3.2750912586912317
20170813,10843.556730052533,5.218842097269702,16.555384827321816,1.2381310416206828,-0.2162353568525938,-3.512751623405543
20170814,10464.21530703336,5.794276045317793,16.338818596661262,1.2228765451024834,-0.03982353955667426,-3.652700745296401
20170815,10297.347610474686,4.9286991241042255,16.09159112450963,1.1713421740038266,-0.09365409940235725,-3.6882893370067578
20170816,10766.384845200575,4.011799736235092,16.18092438566078,1.1277491951956007,-0.05015313442362582,-4.057626157633954
20170817,10145.005928232127,4.369171787475497,15.19564221886386,1.142720840481791,-0.001305134793087186,-3.1805813771683686
20170818,10371.173912250519,4.322113299728514,15.189794156004977,1.1224724665403554,-0.2126693288016311,-3.0880598602243263
20170819,9008.29718843067,3.8839568115675727,14.68154221227079,1.1362001534131327,0.016267194035234127,-3.5404849032781787
20170820,8618.929057332934,4.016771887996207,13.603307218132766,1.1414979713714104,0.19175197749334122,-3.208038802870293
20170821,8085.386356017019,3.7987722558203676,13.994794038893806,1.0959820070275221,0.07498767316576772,-3.077101688552632
20170822,8532.702042320161,2.4659687670667316,13.223685233639138,1.0695511369480943,-0.05553851210145184,-3.3415201625890663
20170823,8442.392663887254,2.62258780372557,13.043465470307183,1.0560641705859986,0.10020113074831676,-3.8208278106184768
20170824,7693.964707131915,2.0899382108775244,12.761443527003596,1.05861392213246,0.01253091185517064,-3.5729037994000867
20170825,7857.4131936619315,2.6229133672225995,12.500160613387873,1.0232480364412588,0.12479859650640746,-3.3473717787466977
20170826,7434.257768644407,1.4805255447635668,12.85976835498511,1.0086753619381426,0.09826908143310414,-3.6366188425516977
20170827,7136.276586066314,1.7454929357146076,12.029844421180696,1.0081358854704767,0.3243872491537098,-3.6056407016604157
20170828,7082.950044125306,1.8417354566502422,11.346624519593707,0.9991037400015735,0.12834598493044194,-3.326479224853711
20170829,6615.746747090557,0.7674587467435271,11.471230161997337,0.9558063468609312,0.06881594299191213,-3.403077712630688
20170830,6881.965174297093,0.6010471553046431,11.21013636855854,0.9375112134654737,0.14817568681235613,-3.9340920521752434
20170831,6842.293782642822,0.08335283499987667,10.364420683857267,0.9566922148349013,0.05879498982791143,-4.030740666858192
20170901,6669.2017035840545,0.07796761021186567,10.423968651148687,0.9481676711527228,0.016481357993154495,-3.9457697538658936
20170902,5827.8139213993,0.24423119744788374,10.424719350458162,0.912112567007391,0.008902604832993238,-3.6916077733215964
20170903,6261.111219813978,0.2562862660279015,10.191797617554958,0.9292648640212943,0.10065435844820347,-4.171378799564139
20170904,6287.8624993683725,-0.8892335929158073,9.988601168315304,0.8888046376208031,0.10383678982962448,-3.8174506370554675
20170905,5903.968105802691,-1.0120017880085936,9.96143231300533,0.8764832025094167,0.16308045305754024,-4.571484509069135
20170906,6140.828086157714,-0.63713300797612,9.313378947944482,0.8438586459220111,0.017618979659815542,-4.447572608398543
20170907,5704.843654237682,-1.4512280859704445,9.396831373907139,0.8662829755754137,-0.06539784121463399,-4.522579328424058
20170908,5544.829923489668,-0.11483002117735802,9.42822691387776,0.8615623501470453,-0.07425934650968603,-4.437628878513555
20170909,5390.429367962114,-0.3974466626703784,9.101484225280506,0.8446106340917791,0.1931778676989316,-4.490569827273368
20170910,5150.732150558522,-1.5392812330694103,9.772429703912378,0.8172942982487587,0.057843710159625555,-3.6782890297848554
20170911,4900.8432262657025,-1.7192155273030103,8.664950178324524,0.8172824712126586,0.12534486717887952,-4.636305290614003
20170912,4619.2729047499915,-1.4535180320173813,8.638310279626792,0.8099191304328515,0.31942658282168584,-4.52445490142829
20170913,4913.479118737395,-2.287370346079496,8.975437351515396,0.8010435615523768,0.1106372124367096,-4.880540562842814
20170914,4865.0654559419345,-1.2278798536614701,8.705835168658115,0.7944893986343738,0.11861288451103293,-5.1607892474021435
20170915,5298.006663664757,-2.0581176247179713,8.584993527916692,0.7916545526611674,0.17151038100108948,-4.938418420693066
20170916,4354.712144612508,-1.354199023870798,8.021697821344457,0.7679761939851258,0.258829184184514,-4.799864765967954
20170917,4266.9838992657,-2.262596433066254,7.64614326010344,0.7596959595468278,0.4019831148852787,-4.021086484183429
20170918,3668.065752650309,-2.079784603202649,7.751529813135885,0.7511039483241709,0.3664957328241442,-4.717454631563933
20170919,3813.4029518930283,-2.6071003343997314,6.816884001597878,0.7196080927935429,0.24251039689273232,-4.183623013066189
20170920,4089.862445770245,-2.6744614408884413,7.161823638852934,0.6621591357191354,0.2583576453802419,-4.799000238085928
20170921,3294.864029405161,-2.8200496214973043,6.624994311234462,0.6807379544229926,0.45345941129340667,-4.6259866194430215
20170922,3826.433162433274,-2.917395849271995,7.507937237635839,0.6857230571482325,0.40218101525433836,-4.153021939492669
20170923,2792.69839879373,-2.9209768751775296,6.084445243387822,0.6891155431145448,0.48276336253092544,-4.1695554987146135
20170924,2727.775602611562,-3.370595532662219,6.235944577855799,0.6760076410855516,0.5982919369679371,-3.9800378186145315
20170925,2358.557449758201,-4.028657435813523,5.90540804127713,0.6943987482425463,0.7649014011768951,-3.9580253398183434
20170926,1667.1734580432692,-4.7430263740860745,5.728768270242872,0.6384038509548763,0.35957754123790747,-4.026881495041707
20170927,1871.7631098395887,-4.278134374485042,4.86484388404085,0.6068996814401411,0.4723703722905779,-4.821991763243158
20170928,1319.1654192582585,-4.852182007711278,4.719322150942723,0.6343510637992148,0.4794647025829931,-4.1140049306063124
20170929,1232.4393593324526,-5.005344618959543,4.29642086047953,0.6359917819318988,0.48366678812984654,-3.7811245364954114
20170930,924.6646351474569,-5.238283981636794,3.99148163562239,0.615327931555621,0.7223927832262091,-4.301381870644589
20171001,1118.1808721746902,-5.090201187044602,3.767377774325987,0.5862480987030183,0.7905194833696505,-3.9003492863909477
20171002,760.0386250312893,-5.5423487662169775,3.3252073877770725,0.5982921160842964,0.7396695234291775,-3.5380806158855145
20171003,-763.504371525341,-5.467625738204326,2.753915294322165,0.564195569171528,0.5093099339056527,-4.317440406626948
20171004,160.46770583033768,-5.544079203809193,2.035096260823916,0.544053279547526,0.17958373950351744,-4.384970909183187
20171005,327.29081773929425,-6.177717081150114,1.795854205035901,0.54006896580262,0.5067559244460162,-3.5996249090359416
20171006,26.354265585829566,-6.53339202859449,2.090692577318286,0.5642266425592403,0.30172425022832017,-4.050915872541115
20171007,-690.2939824398447,-7.376419944974816,1.2851781988019877,0.5411690644149744,0.4292115958641936,-3.9017793893259713
20171008,-822.7093122567927,-7.780265182936618,1.2121369979857832,0.5781771773467554,0.37950785377176927,-3.499167790857168
20171009,-621.311420752848,-7.810274317572284,1.1784891706962708,0.5658729372090917,0.5298910284089966,-3.4763287864916808
20171010,-1673.5284714043958,-8.108056344777022,-0.0203362077805785,0.54063347602614,0.199974893608065,-3.7549907204709307
20171011,-1240.8637360448388,-8.127362169404934,-0.26692739436526075,0.521547719083839,0.24808243345643388,-4.310731473934405
20171012,-1239.8889458320896,-8.295457143346292,-0.34202920030554873,0.5173068418660065,0.3793137619706623,-4.013857685739433
20171013,-1011.2424718019333,-8.288580050206521,-1.054443369497746,0.5248719474287235,0.14586961059736223,-3.865265113071364
20171014,-1289.6542007098976,-8.690718751429408,-0.5440644310407522,0.48485822526677075,0.2013762524446244,-3.9438618783318815
20171015,-1442.9728721935955,-9.127400322101629,-1.7719903580945047,0.44472564514142326,0.1838982533099033,-3.2736572982710284
20171016,-1787.2513010389885,-9.306822637566782,-2.03769447510719,0.45847420944772,0.10490326448535658,-3.709889274049252
20171017,-2917.5668689559875,-10.09996005790475,-1.9028229117007232,0.4666303401193692,0.23785717894929814,-3.8192972452059606
20171018,-2182.145581476087,-10.05298029365245,-2.6067727533426455,0.429496841678008,0.07060522477802506,-4.004229711009198
20171019,-2210.1704732010835,-10.138577055368863,-3.289944571692141,0.4127628368892991,-0.02468277379460741,-3.807805419967668
20171020,-2324.388016889957,-9.972102942749961,-2.881891516033981,0.408479369238317,0.07614831879266008,-4.571155052809153
20171021,-2711.694699271595,-10.383300975287144,-3.046533727245597,0.428807889617818,0.21449281057365918,-3.6871897865277727
20171022,-2356.3020847724033,-10.492511278346631,-3.827015546574963,0.42308309637099895,0.10716444583244504,-3.727834872452832
20171023,-3112.4530127767935,-10.63177678952683,-3.867813823245934,0.4202348078901266,0.40255916263109953,-3.8022942000891
20171024,-2785.2108526953666,-10.52570718352543,-3.23555487047379,0.3737963300882938,0.24684505952059121,-3.516092409807881
20171025,-2743.630989724182,-11.496007566722986,-3.793623294027492,0.35536702804202774,0.18513351580073567,-3.701714942584899
20171026,-2499.6807359166564,-11.142692243450377,-4.224037423357071,0.3898373384667436,0.2270696681208959,-4.19626498513935
20171027,-2851.443135103381,-10.672166433606392,-4.319793613698409,0.34293709076767837,0.239534027272741,-3.8990578229735378
20171028,-2965.3024015936066,-11.5307816986997,-4.72460715648226,0.3455703215882046,0.35377641048898756,-3.646366114177957
20171029,-3584.898015891734,-11.292499700006754,-4.670980874046823,0.3483788404453638,0.4783436760325807,-3.798053358524404
20171030,-3694.338652218743,-11.639807095433875,-5.161018141361758,0.3836116819636771,0.45229441623422223,-3.279035753330623
20171031,-4220.119032607861,-11.889388061978721,-5.925236051314122,0.35105612273901754,0.4758270870582105,-3.45715349698014
20171101,-3482.2833214362486,-12.13016004940725,-6.052047832132018,0.33261263735178626,0.45587012356517725,-3.217704886863505
20171102,-4716.3970491432065,-11.445015721237706,-5.653262841955467,0.342417884616581,0.5851728727216028,-3.0524935546506042
20171103,-4627.191730259773,-11.40000175699427,-6.863551983179348,0.3036388233753264,0.6024083769772806,-3.737126472443755
20171104,-4172.532567158126,-11.553101255464384,-5.979824593519241,0.32942411875802646,0.6192463704975796,-3.8696804079981315
20171105,-4947.3014139153875,-12.600565710226883,-6.597159725931209,0.36243987453015974,0.9383197170196897,-3.497729338309491
20171106,-4210.497112393227,-12.277720834748642,-6.766537884350167,0.33321437281103433,0.8729100073443232,-3.7721604981689905
20171107,-5326.594612719916,-12.793707597069195,-7.513422127829921,0.3092992605221411,0.9568288115193575,-3.2247026687768443
20171108,-4898.691755148697,-11.949236438625768,-7.949394239693977,0.31138390737090615,0.6576143156577167,-4.073973700717617
20171109,-4920.425410640461,-12.642842819329694,-7.4861440285719025,0.28812425160968197,0.5603134756669659,-3.437067877262791
20171110,-4521.109434150014,-12.273590647498976,-7.772355982063421,0.32512955770869967,0.5552874343738146,-4.310809245621409
20171111,-5374.078930239822,-12.667218293890755,-7.685267159776941,0.30712820106385025,0.8228447869450718,-4.223558769963411
20171112,-5394.3036557681,-12.877189997969333,-7.9270376599432755,0.3139927425126679,0.8408286268308802,-3.550695575773851
20171113,-5533.010003295359,-12.469903627203962,-8.502862492287086,0.3047860000206551,0.9875703976934181,-4.016100059015379
20171114,-5541.062693371873,-13.2124633734083,-8.632136909597728,0.2932537767971241,0.9339102098367892,-3.1837024135482475
20171115,-5350.648700827834,-12.813002361180041,-9.450536993407692,0.28719460946610526,0.7434196037234835,-4.414683764773158
20171116,-5474.6526571482755,-13.229541446937278,-9.0068072379458,0.26356575218282524,0.5489970685741071,-3.626314065110821
20171117,-4956.539224115583,-13.684846717604579,-9.616945007110088,0.29567728723323905,0.9207395474861179,-4.1032818541792695
20171118,-5489.008787403118,-14.360196375792059,-10.050759999833373,0.25313631934275405,0.9562017383727156,-4.058124934954974
20171119,-5113.487424134648,-13.818988808421977,-9.67695602176427,0.32065237393245793,0.9037466283330476,-3.6959088825223847
20171120,-5556.194228568801,-13.548695499179699,-10.951663118810258,0.2871767670666935,0.7977016815442475,-4.181931920846505
20171121,-5759.910343733873,-14.887693476290004,-10.90244245144751,0.2667081077903147,0.7302704800760098,-3.8718524817025566
20171122,-5410.078458660144,-14.778882003227979,-10.74241053560112,0.24073624399834034,0.5702400038408537,-4.629967577496606
20171123,-5960.794746849174,-14.428812241669817,-11.40007421970647,0.23718755870266026,0.589215182016986,-3.5341631832942064
20171124,-5386.934859941049,-15.283346224304013,-11.036791704239542,0.235691742747347,0.754590660268158,-5.04973786976141
20171125,-5628.636299494983,-14.440102985880179,-11.306282655498473,0.24054766821666623,0.8017555732196175,-4.498104463610936
20171126,-5894.094887566331,-15.686263028504056,-12.28411020253372,0.21969726881937504,0.9141234520212296,-3.8931656162105273
20171127,-5330.983461628689,-16.53040434744908,-12.630976137236336,0.23015599722408928,1.1185086579033865,-4.415538172474405
20171128,-5897.935609507866,-17.05841201588079,-13.018652630792346,0.16306675515260538,1.0127798548243176,-3.522383999606532
20171129,-5568.181548629072,-17.491365101645407,-12.474376494771214,0.15411370834448018,0.7592949397207388,-4.012239909876549
20171130,-5577.886592693157,-16.99469507955533,-13.03339678073935,0.15111267124385125,0.9031501125899445,-3.51118280231717
20171201,-5218.171775358982,-16.79811026839765,-12.425474996476817,0.1586162982294015,0.7977749523525178,-3.9169936838123136
20171202,-5730.977786153162,-17.16758013358029,-13.42314867798852,0.12291226534242863,0.8156223541497017,-3.9756190962002815
20171203,-5636.194376694592,-17.829585257668935,-13.615221432713188,0.1490357226336887,0.9025917680025037,-3.1844518973229006
20171204,-5154.696838120129,-18.839985815404216,-13.14387680725814,0.12652443675838598,1.0033798863475327,-3.4980870306001344
20171205,-6070.109040971304,-18.414042189246793,-14.166328110558991,0.1396038037877973,1.0468319027699298,-3.7656205358770274
20171206,-5638.804815501603,-18.189815929116058,-14.265771370954312,0.131382887796639,1.064453284856352,-4.025595719116882
20171207,-5505.608295381098,-18.545790168297753,-14.64868347118401,0.16319912606952686,1.2197652467869633,-3.7109864911176773
20171208,-5289.820351057338,-18.90142952972641,-15.283804786993871,0.14788224389134133,0.9374201108617319,-3.82473486175227
20171209,-6481.678603428592,-18.652180516109752,-14.403800340257824,0.12028253870877124,1.3344404353466612,-3.6149950932030466
20171210,-6276.124616052677,-18.037888787892722,-15.339363791433376,0.11496125508575164,1.4087598256887097,-3.5258823602711824
20171211,-6190.937879278059,-18.907945201341605,-14.512837510029092,0.15210113298709055,1.426101785990806,-3.776840046822256
20171212,-6486.329044803973,-19.85215477178897,-15.865818907629267,0.11262763438703703,1.5113140044799682,-3.2995517471185165
20171213,-5636.446016182626,-19.219285057751623,-14.798112424414775,0.0523795115191186,1.3459594702811855,-4.103184116138076
20171214,-6356.690373749652,-19.113618075481266,-15.935421021900511,0.15501795125135495,1.4348859784596952,-3.776182651939488
20171215,-6681.275046205432,-19.204586033457254,-16.210821965896503,0.1691423804904128,1.5870017960940184,-3.87853267646599
20171216,-6488.570663836904,-18.45397142519858,-16.045409820074696,0.14880519035900064,1.7204921594378304,-3.6662354353994338
20171217,-6138.721256098317,-19.212943286369047,-15.673879914608062,0.15018984354986556,1.6480170782927765,-3.566663041874777
20171218,-5908.793781753766,-18.925969195005216,-15.600309102016707,0.15203263340610937,1.8325173508624304,-3.7866219345248764
20171219,-6410.224137483278,-19.5087410710393,-15.330996535691979,0.1499746135998391,1.6375978095925148,-3.3498256506685995
20171220,-6093.803734178146,-19.837498639361932,-15.943767118529571,0.14122669644135072,1.32002523403672,-4.962917009135371
20171221,-5697.663811081554,-19.131587144635922,-15.67081107867512,0.15200366140180044,1.4773101821053105,-4.041738415363413
20171222,-5580.046797519087,-18.784351413369517,-15.43729136812473,0.168525138975297,1.5551002410008843,-3.7788196573167485
20171223,-6500.237135515372,-18.80784500388652,-16.065197159687628,0.14135581463142638,1.5439979170243383,-4.3579482063240675
20171224,-6364.6744729302045,-19.694485275397557,-15.707395844494128,0.18794223832263013,1.5429703397883756,-3.573677592779549
20171225,-6502.866733886026,-19.245581982920264,-16.124664431197264,0.13688802511478088,1.6718905807877884,-4.177591962855405
20171226,-6664.009156292438,-20.117167192330246,-15.54260793969641,0.15087134057794624,1.4251403614633156,-4.242150289595282
20171227,-5563.561612658517,-19.85657627182414,-15.64784587254734,0.11430231493276521,1.5241455296963253,-4.919833938593174
20171228,-5870.708345504724,-19.553534391513654,-15.23919944953837,0.15738365143856012,1.2702002920789432,-3.6470192239166193
20171229,-6676.325891738494,-19.422533566600745,-15.963276611887718,0.1719340814324867,1.3780557064143262,-3.9144959593404263
20171230,-5748.679569347772,-20.3422600530328,-15.682750677718428,0.15037174971042147,1.5728009834810297,-3.943719532180482
20171231,-5829.587697927247,-19.487857796321858,-16.53038836508993,0.15114596832169372,1.3304914189370645,-4.562976361938283
